Name,Time,Num_Intervals,Result
SimpsonAlgorithm,0.0486873,1000000,6.65168e+08
SimpsonAlgorithm,0.0505995,2000000,6.65168e+08
SimpsonAlgorithm,0.0646163,3000000,6.65168e+08
SimpsonAlgorithm,0.087119,4000000,6.65168e+08
SimpsonAlgorithm,0.109396,5000000,6.65168e+08
SimpsonAlgorithm,0.132014,6000000,6.65168e+08
SimpsonAlgorithm,0.154324,7000000,6.65168e+08
SimpsonAlgorithm,0.176521,8000000,6.65168e+08
SimpsonAlgorithm,0.200301,9000000,6.65168e+08
SimpsonAlgorithm,0.221449,10000000,6.65168e+08
