Name,Time,Num_Intervals,Result
SimpsonAlgorithm,0.0479077,1000000,6.65168e+08
SimpsonAlgorithm,0.0506568,2000000,6.65168e+08
SimpsonAlgorithm,0.0746827,3000000,6.65168e+08
SimpsonAlgorithm,0.106909,4000000,6.65168e+08
SimpsonAlgorithm,0.159987,5000000,6.65168e+08
SimpsonAlgorithm,0.241886,6000000,6.65168e+08
SimpsonAlgorithm,0.40579,7000000,6.65168e+08
SimpsonAlgorithm,0.657144,8000000,6.65168e+08
SimpsonAlgorithm,1.0383,9000000,6.65168e+08
SimpsonAlgorithm,0.559005,10000000,6.65168e+08
