Name,Time,RowCount,ColumnCount,ThreadNum
MPTest,0.175336,500,500,4
MPTest,0.270284,600,600,4
MPTest,0.42692,700,700,4
MPTest,0.642277,800,800,4
MPTest,0.921955,900,900,4
MPTest,1.27493,1000,1000,4
MPTest,1.68189,1100,1100,4
MPTest,2.30967,1200,1200,4
MPTest,2.81649,1300,1300,4
MPTest,3.38662,1400,1400,4
MPTest,4.47181,1500,1500,4
