Name,Time,RowCount,ColumnCount,ThreadNum
MPTest,2.11361,1000,1000,2
MPTest,1.43859,1000,1000,3
MPTest,1.08931,1000,1000,4
MPTest,0.995349,1000,1000,5
MPTest,0.925262,1000,1000,6
MPTest,0.928469,1000,1000,7
MPTest,0.852986,1000,1000,8
MPTest,0.865924,1000,1000,9
MPTest,0.831183,1000,1000,10
